image,desert,mountains,sea,sunset,trees
1.jpg,1,0,0,0,0
2.jpg,1,0,0,0,0
3.jpg,1,0,0,0,0
4.jpg,1,1,0,0,0
5.jpg,1,0,0,0,0
6.jpg,1,0,0,0,0
7.jpg,1,1,0,0,0
8.jpg,1,0,0,0,0
9.jpg,1,0,0,0,0
10.jpg,1,1,0,0,0
11.jpg,1,0,0,0,0
12.jpg,1,0,0,0,0
13.jpg,1,0,0,0,0
14.jpg,1,0,0,0,0
15.jpg,1,0,0,0,0
16.jpg,1,0,0,0,0
17.jpg,1,0,0,0,0
18.jpg,1,0,0,0,0
19.jpg,1,0,0,0,0
20.jpg,1,0,0,0,0
21.jpg,1,0,0,0,1
22.jpg,1,0,0,0,0
23.jpg,1,0,0,0,0
24.jpg,1,0,0,0,1
25.jpg,1,0,0,0,0
26.jpg,1,0,0,0,0
27.jpg,1,0,0,0,0
28.jpg,1,0,0,0,1
29.jpg,1,0,0,0,0
30.jpg,1,0,0,0,0
31.jpg,1,0,0,0,0
32.jpg,1,0,0,0,1
33.jpg,1,0,0,0,0
34.jpg,1,0,0,0,0
35.jpg,1,0,0,1,0
36.jpg,1,0,0,0,0
37.jpg,1,0,0,0,0
38.jpg,1,0,0,0,1
39.jpg,1,0,0,0,0
40.jpg,1,0,0,0,0
41.jpg,1,0,0,0,0
42.jpg,1,0,0,0,0
43.jpg,1,0,0,0,0
44.jpg,1,0,0,0,0
45.jpg,1,0,0,0,0
46.jpg,1,0,0,0,0
47.jpg,1,0,0,1,1
48.jpg,1,0,0,0,0
49.jpg,1,0,0,0,0
50.jpg,1,0,0,1,0
51.jpg,1,0,0,0,0
52.jpg,1,0,0,1,0
53.jpg,1,0,0,1,0
54.jpg,1,1,0,0,0
55.jpg,1,0,0,0,0
56.jpg,1,0,0,0,0
57.jpg,1,0,0,0,1
58.jpg,1,0,0,1,0
59.jpg,1,0,0,0,1
60.jpg,1,0,0,0,1
61.jpg,1,0,0,0,0
62.jpg,1,0,0,0,0
63.jpg,1,1,0,0,0
64.jpg,1,0,0,0,0
65.jpg,1,0,0,1,0
66.jpg,1,0,0,0,0
67.jpg,1,1,0,0,0
68.jpg,1,0,0,0,0
69.jpg,1,0,0,0,0
70.jpg,1,0,0,1,0
71.jpg,1,0,0,0,0
72.jpg,1,0,0,0,0
73.jpg,1,0,0,0,0
74.jpg,1,0,0,0,0
75.jpg,1,0,0,0,0
76.jpg,1,0,0,0,0
77.jpg,1,0,0,0,0
78.jpg,1,0,0,0,0
79.jpg,1,0,0,0,0
80.jpg,1,1,0,0,0
81.jpg,1,0,0,0,0
82.jpg,1,0,0,0,0
83.jpg,1,0,0,0,0
84.jpg,1,0,0,0,0
85.jpg,1,0,0,0,0
86.jpg,1,0,0,0,1
87.jpg,1,0,0,0,0
88.jpg,1,0,0,0,0
89.jpg,1,0,0,0,0
90.jpg,1,0,0,0,0
91.jpg,1,0,0,0,0
92.jpg,1,0,0,0,0
93.jpg,1,0,0,0,0
94.jpg,1,0,0,0,0
95.jpg,1,0,0,0,0
96.jpg,1,0,0,0,0
97.jpg,1,0,0,0,0
98.jpg,1,0,0,0,0
99.jpg,1,0,0,0,0
100.jpg,1,0,0,1,0
101.jpg,1,0,0,0,0
102.jpg,1,1,0,0,0
103.jpg,1,0,0,0,0
104.jpg,1,1,0,0,0
105.jpg,1,0,0,0,0
106.jpg,1,1,0,0,0
107.jpg,1,0,0,0,0
108.jpg,1,0,0,1,0
109.jpg,1,0,0,0,0
110.jpg,1,0,0,0,0
111.jpg,1,1,0,0,0
112.jpg,1,0,0,0,0
113.jpg,1,0,0,0,0
114.jpg,1,0,0,0,0
115.jpg,1,0,0,0,0
116.jpg,1,0,0,0,0
117.jpg,1,0,0,0,0
118.jpg,1,0,0,0,0
119.jpg,1,0,0,0,0
120.jpg,1,1,0,1,0
121.jpg,1,0,0,0,0
122.jpg,1,0,0,0,0
123.jpg,1,0,0,0,0
124.jpg,1,0,0,0,0
125.jpg,1,0,0,0,0
126.jpg,1,0,0,0,0
127.jpg,1,0,0,0,0
128.jpg,1,1,0,0,0
129.jpg,1,0,0,0,0
130.jpg,1,0,0,0,0
131.jpg,1,0,0,0,0
132.jpg,1,0,0,0,0
133.jpg,1,0,0,0,0
134.jpg,1,0,0,0,0
135.jpg,1,0,0,0,0
136.jpg,1,0,0,0,0
137.jpg,1,0,0,0,0
138.jpg,1,0,0,0,0
139.jpg,1,0,0,1,0
140.jpg,1,0,0,1,0
141.jpg,1,0,0,0,0
142.jpg,1,0,0,0,0
143.jpg,1,0,0,0,0
144.jpg,1,0,0,0,0
145.jpg,1,0,0,0,0
146.jpg,1,0,0,0,0
147.jpg,1,0,0,0,0
148.jpg,1,0,0,0,0
149.jpg,1,0,0,0,0
150.jpg,1,0,0,0,0
151.jpg,1,0,0,0,1
152.jpg,1,0,0,0,0
153.jpg,1,0,0,0,0
154.jpg,1,0,0,0,0
155.jpg,1,0,0,0,0
156.jpg,1,0,0,0,1
157.jpg,1,0,0,0,0
158.jpg,1,0,0,0,0
159.jpg,1,0,0,0,0
160.jpg,1,0,0,0,0
161.jpg,1,0,0,0,1
162.jpg,1,0,0,0,0
163.jpg,1,1,0,0,0
164.jpg,1,0,0,0,0
165.jpg,1,0,0,0,0
166.jpg,1,0,0,0,0
167.jpg,1,0,0,0,0
168.jpg,1,0,0,0,0
169.jpg,1,0,0,0,0
170.jpg,1,0,0,0,0
171.jpg,1,0,0,0,0
172.jpg,1,0,0,0,0
173.jpg,1,0,0,0,0
174.jpg,1,0,0,0,0
175.jpg,1,0,0,0,0
176.jpg,1,0,0,0,0
177.jpg,1,0,0,0,1
178.jpg,1,0,0,0,0
179.jpg,1,0,0,0,0
180.jpg,1,0,0,0,0
181.jpg,1,0,0,0,0
182.jpg,1,0,0,0,0
183.jpg,1,0,0,0,0
184.jpg,1,0,0,0,0
185.jpg,1,0,0,0,0
186.jpg,1,0,0,0,0
187.jpg,1,0,0,0,0
188.jpg,1,0,0,0,0
189.jpg,1,0,0,0,0
190.jpg,1,0,0,0,0
191.jpg,1,0,0,0,0
192.jpg,1,0,0,0,0
193.jpg,1,0,0,0,0
194.jpg,1,0,0,0,0
195.jpg,1,0,0,0,0
196.jpg,1,0,0,0,0
197.jpg,1,0,0,0,0
198.jpg,1,0,0,0,1
199.jpg,1,0,0,0,0
200.jpg,1,0,0,0,0
201.jpg,1,0,0,0,0
202.jpg,1,0,0,0,0
203.jpg,1,0,0,0,0
204.jpg,1,0,0,0,0
205.jpg,1,0,0,0,0
206.jpg,1,0,0,0,0
207.jpg,1,0,0,0,0
208.jpg,1,0,0,0,0
209.jpg,1,0,0,0,0
210.jpg,1,0,0,0,1
211.jpg,1,0,0,0,0
212.jpg,1,0,0,0,0
213.jpg,1,0,0,0,0
214.jpg,1,0,0,0,0
215.jpg,1,0,0,0,0
216.jpg,1,0,0,0,0
217.jpg,1,0,0,0,0
218.jpg,1,0,0,0,0
219.jpg,1,0,0,0,0
220.jpg,1,0,0,0,0
221.jpg,1,0,0,0,0
222.jpg,1,0,0,0,0
223.jpg,1,0,0,0,0
224.jpg,1,0,0,0,0
225.jpg,1,0,0,0,0
226.jpg,1,0,0,0,1
227.jpg,1,0,0,0,0
228.jpg,1,0,0,0,0
229.jpg,1,0,0,0,0
230.jpg,1,0,0,0,0
231.jpg,1,0,0,0,0
232.jpg,1,0,0,0,1
233.jpg,1,0,0,0,0
234.jpg,1,0,0,0,0
235.jpg,1,0,0,0,0
236.jpg,1,0,0,0,0
237.jpg,1,0,0,0,0
238.jpg,1,0,0,0,0
239.jpg,1,0,0,0,0
240.jpg,1,0,0,0,0
241.jpg,1,0,0,0,0
242.jpg,1,0,0,0,0
243.jpg,1,0,0,0,0
244.jpg,1,0,0,0,0
245.jpg,1,0,0,0,0
246.jpg,1,0,0,0,0
247.jpg,1,0,0,0,0
248.jpg,1,0,0,0,0
249.jpg,1,0,0,0,0
250.jpg,1,0,0,0,0
251.jpg,1,0,0,0,0
252.jpg,1,0,0,0,0
253.jpg,1,0,1,0,0
254.jpg,1,0,0,0,0
255.jpg,1,0,0,0,0
256.jpg,1,0,0,0,0
257.jpg,1,0,0,0,0
258.jpg,1,0,0,0,0
259.jpg,1,0,0,0,0
260.jpg,1,0,0,0,0
261.jpg,1,0,0,0,0
262.jpg,1,0,0,0,0
263.jpg,1,0,0,0,0
264.jpg,1,0,0,0,0
265.jpg,1,0,0,0,0
266.jpg,1,0,0,0,0
267.jpg,1,0,0,0,0
268.jpg,1,0,0,0,0
269.jpg,1,0,0,0,0
270.jpg,1,0,0,0,0
271.jpg,1,0,0,0,0
272.jpg,1,0,0,0,0
273.jpg,1,0,0,0,0
274.jpg,1,0,0,0,0
275.jpg,1,0,0,0,0
276.jpg,1,0,0,0,0
277.jpg,1,0,0,0,0
278.jpg,1,0,0,0,0
279.jpg,1,0,0,0,0
280.jpg,1,0,0,0,0
281.jpg,1,0,0,0,0
282.jpg,1,0,0,0,0
283.jpg,1,0,0,0,0
284.jpg,1,0,0,0,0
285.jpg,1,1,0,0,0
286.jpg,1,0,0,0,0
287.jpg,1,0,0,0,0
288.jpg,1,0,0,0,0
289.jpg,1,0,0,1,0
290.jpg,1,0,0,1,0
291.jpg,1,0,0,0,0
292.jpg,1,0,0,0,0
293.jpg,1,0,0,0,0
294.jpg,1,0,0,0,0
295.jpg,1,0,0,0,0
296.jpg,1,0,0,0,0
297.jpg,1,0,0,0,0
298.jpg,1,0,0,0,0
299.jpg,1,0,0,0,0
300.jpg,1,0,0,0,0
301.jpg,1,0,0,0,0
302.jpg,1,0,0,0,0
303.jpg,1,0,0,0,0
304.jpg,1,0,0,0,0
305.jpg,1,0,0,0,0
306.jpg,1,0,0,0,0
307.jpg,1,0,0,0,0
308.jpg,1,0,0,0,0
309.jpg,1,0,0,0,0
310.jpg,1,0,0,0,0
311.jpg,1,0,0,0,0
312.jpg,1,0,1,0,0
313.jpg,1,0,1,0,0
314.jpg,1,0,0,0,0
315.jpg,1,0,0,0,0
316.jpg,1,0,0,0,0
317.jpg,1,0,0,0,0
318.jpg,1,0,0,0,0
319.jpg,1,0,0,0,0
320.jpg,1,0,0,0,0
321.jpg,1,0,0,0,0
322.jpg,1,0,0,0,0
323.jpg,1,0,0,0,0
324.jpg,1,0,0,0,0
325.jpg,1,0,0,0,0
326.jpg,1,0,0,0,0
327.jpg,1,0,0,0,0
328.jpg,1,0,1,0,0
329.jpg,1,0,0,0,0
330.jpg,1,0,0,0,0
331.jpg,1,0,0,0,0
332.jpg,1,0,0,0,0
333.jpg,1,0,0,0,0
334.jpg,1,0,0,1,0
335.jpg,1,0,0,0,0
336.jpg,1,0,0,0,0
337.jpg,1,0,0,1,0
338.jpg,1,0,0,0,0
339.jpg,1,0,0,0,0
340.jpg,1,0,0,0,0
341.jpg,1,0,0,0,0
342.jpg,1,0,0,0,0
343.jpg,1,0,0,0,0
344.jpg,1,0,0,0,0
345.jpg,1,0,0,0,0
346.jpg,1,0,0,0,0
347.jpg,1,0,0,0,0
348.jpg,1,0,0,0,0
349.jpg,1,0,0,0,0
350.jpg,1,0,0,0,0
351.jpg,1,0,0,0,0
352.jpg,1,0,0,0,0
353.jpg,1,0,0,0,0
354.jpg,1,0,0,0,0
355.jpg,1,0,0,0,0
356.jpg,1,0,0,0,0
357.jpg,1,0,0,0,0
358.jpg,1,0,1,0,0
359.jpg,1,0,0,0,0
360.jpg,1,0,0,0,0
361.jpg,1,0,0,0,0
362.jpg,1,0,0,0,0
363.jpg,1,0,0,1,0
364.jpg,1,0,0,0,0
365.jpg,1,0,0,0,0
366.jpg,1,0,0,0,0
367.jpg,1,0,0,0,0
368.jpg,1,0,0,0,0
369.jpg,1,0,0,0,0
370.jpg,1,0,0,0,0
371.jpg,1,0,0,0,0
372.jpg,1,0,0,0,0
373.jpg,1,0,0,0,0
374.jpg,1,0,0,0,0
375.jpg,1,0,0,0,0
376.jpg,1,0,0,0,0
377.jpg,1,0,0,0,0
378.jpg,1,0,0,0,0
379.jpg,1,0,0,0,0
380.jpg,1,0,0,0,0
381.jpg,1,0,0,0,0
382.jpg,1,0,0,0,0
383.jpg,1,0,0,0,0
384.jpg,1,1,0,0,0
385.jpg,1,0,0,0,0
386.jpg,1,0,0,0,0
387.jpg,1,0,0,0,0
388.jpg,1,0,0,0,0
389.jpg,1,0,0,0,0
390.jpg,1,0,0,0,0
391.jpg,1,0,0,0,0
392.jpg,1,1,0,0,0
393.jpg,1,0,0,1,0
394.jpg,1,0,0,0,0
395.jpg,1,0,0,1,0
396.jpg,1,0,0,0,0
397.jpg,1,0,0,1,0
398.jpg,1,0,0,0,1
399.jpg,1,0,0,0,0
400.jpg,1,0,0,0,0
401.jpg,0,1,0,0,0
402.jpg,0,1,0,0,0
403.jpg,0,1,0,0,0
404.jpg,0,1,0,0,0
405.jpg,0,1,0,0,0
406.jpg,0,1,0,0,0
407.jpg,0,1,0,0,0
408.jpg,0,1,0,0,0
409.jpg,0,1,1,0,0
410.jpg,0,1,0,0,0
411.jpg,0,1,1,0,0
412.jpg,0,1,0,0,0
413.jpg,0,1,0,0,0
414.jpg,0,1,0,0,0
415.jpg,0,1,0,0,0
416.jpg,0,1,0,0,0
417.jpg,0,1,0,0,0
418.jpg,0,1,1,0,0
419.jpg,0,1,0,0,0
420.jpg,0,1,1,0,0
421.jpg,0,1,0,0,0
422.jpg,0,1,0,0,0
423.jpg,0,1,0,0,0
424.jpg,0,1,0,0,0
425.jpg,0,1,0,0,0
426.jpg,0,1,1,0,0
427.jpg,0,1,1,0,0
428.jpg,0,1,0,0,0
429.jpg,0,1,0,0,0
430.jpg,0,1,0,0,0
431.jpg,0,1,0,0,0
432.jpg,0,1,1,0,0
433.jpg,0,1,0,0,0
434.jpg,0,1,0,0,0
435.jpg,0,1,0,0,0
436.jpg,0,1,1,0,0
437.jpg,0,1,0,0,0
438.jpg,0,1,0,0,0
439.jpg,0,1,1,0,0
440.jpg,0,1,0,0,0
441.jpg,0,1,0,0,0
442.jpg,0,1,0,0,0
443.jpg,0,1,0,0,0
444.jpg,0,1,0,0,0
445.jpg,0,1,0,0,0
446.jpg,0,1,0,0,0
447.jpg,0,1,0,0,0
448.jpg,0,1,0,0,0
449.jpg,0,1,1,0,0
450.jpg,0,1,0,0,0
451.jpg,0,1,0,0,0
452.jpg,0,1,0,0,0
453.jpg,0,1,0,0,0
454.jpg,0,1,0,0,0
455.jpg,0,1,0,0,0
456.jpg,0,1,0,0,0
457.jpg,0,1,1,0,0
458.jpg,0,1,0,0,0
459.jpg,0,1,0,0,0
460.jpg,0,1,0,0,0
461.jpg,0,1,0,0,0
462.jpg,0,1,0,0,0
463.jpg,0,1,0,0,0
464.jpg,0,1,0,0,0
465.jpg,0,1,0,0,0
466.jpg,0,1,0,0,0
467.jpg,0,1,0,0,0
468.jpg,0,1,0,0,0
469.jpg,0,1,0,0,1
470.jpg,0,1,0,0,0
471.jpg,0,1,1,0,0
472.jpg,0,1,0,0,0
473.jpg,0,1,0,0,0
474.jpg,0,1,1,0,0
475.jpg,0,1,0,0,0
476.jpg,0,1,0,0,0
477.jpg,0,1,0,0,0
478.jpg,0,1,0,0,0
479.jpg,0,1,0,0,0
480.jpg,0,1,0,0,0
481.jpg,0,1,0,0,0
482.jpg,0,1,0,0,1
483.jpg,0,1,0,0,1
484.jpg,0,1,0,0,0
485.jpg,0,1,0,0,1
486.jpg,0,1,0,0,1
487.jpg,0,1,0,0,0
488.jpg,0,1,0,0,0
489.jpg,0,1,0,0,0
490.jpg,0,1,0,0,0
491.jpg,0,1,1,0,0
492.jpg,0,1,0,0,0
493.jpg,0,1,1,0,0
494.jpg,0,1,0,0,0
495.jpg,0,1,0,0,0
496.jpg,0,1,0,0,0
497.jpg,0,1,1,0,0
498.jpg,0,1,0,0,0
499.jpg,0,1,0,0,0
500.jpg,0,1,0,0,0
501.jpg,0,1,1,0,0
502.jpg,0,1,1,0,0
503.jpg,0,1,1,0,0
504.jpg,0,1,0,0,0
505.jpg,0,1,0,0,0
506.jpg,0,1,0,0,0
507.jpg,0,1,0,0,0
508.jpg,0,1,0,0,1
509.jpg,0,1,0,0,0
510.jpg,0,1,0,0,0
511.jpg,0,1,0,0,0
512.jpg,0,1,0,0,0
513.jpg,0,1,0,0,0
514.jpg,0,1,0,0,0
515.jpg,0,1,0,0,0
516.jpg,0,1,0,0,0
517.jpg,0,1,0,0,0
518.jpg,0,1,0,0,0
519.jpg,0,1,0,0,0
520.jpg,0,1,0,0,0
521.jpg,0,1,0,0,0
522.jpg,0,1,0,0,1
523.jpg,0,1,0,0,0
524.jpg,0,1,0,0,0
525.jpg,0,1,0,0,0
526.jpg,0,1,0,0,1
527.jpg,0,1,0,0,0
528.jpg,0,1,0,0,0
529.jpg,0,1,0,0,0
530.jpg,0,1,0,0,0
531.jpg,0,1,0,0,0
532.jpg,0,1,0,0,1
533.jpg,0,1,0,0,0
534.jpg,0,1,0,0,0
535.jpg,0,1,0,0,1
536.jpg,0,1,0,0,0
537.jpg,0,1,0,0,0
538.jpg,0,1,0,0,0
539.jpg,0,1,0,0,0
540.jpg,0,1,0,0,0
541.jpg,0,1,0,0,1
542.jpg,0,1,0,0,0
543.jpg,0,1,0,0,0
544.jpg,0,1,0,0,0
545.jpg,0,1,0,0,0
546.jpg,0,1,0,0,0
547.jpg,0,1,0,0,0
548.jpg,0,1,0,0,0
549.jpg,0,1,0,0,0
550.jpg,0,1,0,0,0
551.jpg,0,1,0,0,1
552.jpg,0,1,1,0,1
553.jpg,0,1,0,0,0
554.jpg,0,1,0,0,0
555.jpg,0,1,0,0,0
556.jpg,0,1,0,0,0
557.jpg,0,1,0,0,0
558.jpg,0,1,0,0,0
559.jpg,0,1,0,0,0
560.jpg,0,1,0,0,0
561.jpg,0,1,0,0,0
562.jpg,0,1,0,0,0
563.jpg,0,1,0,0,0
564.jpg,0,1,0,0,0
565.jpg,0,1,0,0,0
566.jpg,0,1,0,0,1
567.jpg,0,1,0,0,0
568.jpg,0,1,0,0,0
569.jpg,0,1,0,0,0
570.jpg,0,1,0,0,1
571.jpg,0,1,0,0,0
572.jpg,0,1,0,0,1
573.jpg,0,1,0,0,1
574.jpg,0,1,0,0,1
575.jpg,0,1,0,0,1
576.jpg,0,1,0,0,1
577.jpg,0,1,0,0,1
578.jpg,0,1,0,0,1
579.jpg,0,1,0,0,1
580.jpg,0,1,0,0,0
581.jpg,0,1,0,0,0
582.jpg,0,1,0,0,0
583.jpg,0,1,0,0,0
584.jpg,0,1,0,0,0
585.jpg,0,1,0,0,0
586.jpg,0,1,0,0,0
587.jpg,0,1,0,0,0
588.jpg,0,1,0,0,0
589.jpg,0,1,0,0,0
590.jpg,0,1,0,1,0
591.jpg,0,1,0,0,0
592.jpg,0,1,0,0,1
593.jpg,0,1,1,0,0
594.jpg,0,1,0,0,0
595.jpg,0,1,0,0,0
596.jpg,0,1,0,0,0
597.jpg,0,1,0,0,0
598.jpg,0,1,0,0,0
599.jpg,0,1,0,0,0
600.jpg,0,1,0,0,0
601.jpg,0,1,0,0,0
602.jpg,0,1,1,0,0
603.jpg,1,1,0,0,0
604.jpg,1,1,0,0,0
605.jpg,0,1,0,0,0
606.jpg,0,1,0,0,0
607.jpg,0,1,0,0,0
608.jpg,0,1,0,0,0
609.jpg,0,1,0,0,0
610.jpg,0,1,0,0,0
611.jpg,0,1,0,0,0
612.jpg,0,1,0,0,1
613.jpg,0,1,0,0,1
614.jpg,0,1,0,0,1
615.jpg,0,1,0,0,0
616.jpg,0,1,1,0,0
617.jpg,0,1,0,0,1
618.jpg,0,1,0,0,0
619.jpg,0,1,0,0,1
620.jpg,0,1,1,0,1
621.jpg,0,1,1,0,0
622.jpg,0,1,0,0,0
623.jpg,0,1,0,0,1
624.jpg,0,1,0,0,1
625.jpg,0,1,1,0,1
626.jpg,0,1,1,0,0
627.jpg,0,1,1,0,1
628.jpg,0,1,1,0,1
629.jpg,0,1,0,0,1
630.jpg,0,1,0,0,1
631.jpg,0,1,0,0,1
632.jpg,0,1,0,0,1
633.jpg,0,1,0,0,1
634.jpg,0,1,0,0,0
635.jpg,0,1,0,0,0
636.jpg,0,1,0,0,0
637.jpg,0,1,0,0,1
638.jpg,0,1,0,0,1
639.jpg,0,1,0,0,1
640.jpg,0,1,0,0,0
641.jpg,0,1,0,0,0
642.jpg,0,1,0,0,1
643.jpg,0,1,0,0,1
644.jpg,0,1,0,0,1
645.jpg,0,1,0,0,0
646.jpg,0,1,0,0,1
647.jpg,0,1,0,0,1
648.jpg,0,1,0,0,1
649.jpg,0,1,0,0,1
650.jpg,0,1,0,0,1
651.jpg,0,1,0,0,1
652.jpg,0,1,0,0,1
653.jpg,0,1,0,0,1
654.jpg,0,1,0,0,1
655.jpg,0,1,0,0,0
656.jpg,0,1,0,0,0
657.jpg,0,1,0,0,0
658.jpg,0,1,0,0,1
659.jpg,0,1,0,0,1
660.jpg,0,1,0,0,1
661.jpg,0,1,0,0,0
662.jpg,0,1,0,0,1
663.jpg,0,1,0,0,1
664.jpg,0,1,0,0,1
665.jpg,0,1,0,0,1
666.jpg,0,1,0,0,0
667.jpg,0,1,0,0,0
668.jpg,0,1,0,0,0
669.jpg,0,1,0,1,0
670.jpg,0,1,0,0,0
671.jpg,0,1,0,0,1
672.jpg,0,1,0,0,0
673.jpg,0,1,0,0,0
674.jpg,0,1,0,0,0
675.jpg,0,1,0,0,0
676.jpg,0,1,0,0,0
677.jpg,0,1,0,0,0
678.jpg,0,1,0,0,0
679.jpg,0,1,0,0,1
680.jpg,0,1,0,0,1
681.jpg,0,1,0,0,0
682.jpg,0,1,0,0,0
683.jpg,0,1,0,0,0
684.jpg,0,1,0,0,0
685.jpg,0,1,0,0,1
686.jpg,0,1,1,0,1
687.jpg,0,1,0,0,1
688.jpg,0,1,0,0,0
689.jpg,0,1,0,0,1
690.jpg,0,1,0,0,1
691.jpg,0,1,0,0,1
692.jpg,0,1,0,0,1
693.jpg,0,1,0,0,1
694.jpg,0,1,0,0,1
695.jpg,0,1,0,0,1
696.jpg,0,1,1,0,0
697.jpg,0,1,1,0,0
698.jpg,0,1,0,0,0
699.jpg,0,1,0,0,1
700.jpg,0,1,0,0,1
701.jpg,0,1,0,0,1
702.jpg,0,1,0,0,1
703.jpg,0,1,0,0,0
704.jpg,0,1,0,0,0
705.jpg,0,1,0,0,0
706.jpg,0,1,0,0,1
707.jpg,0,1,0,0,1
708.jpg,0,1,0,0,1
709.jpg,0,1,0,0,0
710.jpg,0,1,0,0,0
711.jpg,0,1,0,0,0
712.jpg,0,1,0,0,0
713.jpg,0,1,0,0,0
714.jpg,0,1,0,0,0
715.jpg,0,1,0,0,0
716.jpg,0,1,1,0,0
717.jpg,0,1,0,0,0
718.jpg,0,1,0,1,0
719.jpg,0,1,0,0,1
720.jpg,0,1,0,0,0
721.jpg,0,1,0,0,0
722.jpg,0,1,0,0,0
723.jpg,0,1,1,0,0
724.jpg,0,1,0,0,0
725.jpg,0,1,0,0,0
726.jpg,0,1,0,0,1
727.jpg,0,1,0,0,0
728.jpg,0,1,0,0,1
729.jpg,0,1,0,0,0
730.jpg,0,1,0,0,0
731.jpg,0,1,0,0,0
732.jpg,0,1,0,0,1
733.jpg,0,1,0,0,1
734.jpg,0,1,0,0,0
735.jpg,0,1,0,0,0
736.jpg,0,1,0,0,0
737.jpg,0,1,0,0,1
738.jpg,0,1,0,0,0
739.jpg,0,1,0,0,0
740.jpg,0,1,0,0,1
741.jpg,0,1,0,0,0
742.jpg,0,1,0,0,0
743.jpg,0,1,0,0,0
744.jpg,0,1,0,0,0
745.jpg,0,1,0,0,0
746.jpg,0,1,0,0,0
747.jpg,0,1,0,0,0
748.jpg,0,1,0,0,0
749.jpg,0,1,0,0,0
750.jpg,0,1,0,0,0
751.jpg,0,1,0,0,0
752.jpg,0,1,0,0,0
753.jpg,0,1,0,0,0
754.jpg,0,1,0,0,0
755.jpg,0,1,0,0,0
756.jpg,0,1,0,0,0
757.jpg,0,1,0,0,0
758.jpg,0,1,0,0,0
759.jpg,0,1,0,0,0
760.jpg,0,1,0,0,0
761.jpg,0,1,0,0,0
762.jpg,0,1,0,0,0
763.jpg,0,1,0,0,0
764.jpg,0,1,0,0,1
765.jpg,0,1,0,0,1
766.jpg,0,1,0,0,0
767.jpg,0,1,0,0,0
768.jpg,0,1,0,0,0
769.jpg,0,1,0,0,0
770.jpg,0,1,0,0,0
771.jpg,0,1,0,0,0
772.jpg,0,1,0,0,1
773.jpg,0,1,0,0,0
774.jpg,0,1,0,0,0
775.jpg,0,1,0,0,0
776.jpg,0,1,0,0,0
777.jpg,0,1,0,0,0
778.jpg,0,1,0,0,0
779.jpg,0,1,0,0,0
780.jpg,0,1,0,0,0
781.jpg,0,1,0,0,0
782.jpg,0,1,0,0,0
783.jpg,0,1,0,0,0
784.jpg,0,1,0,0,0
785.jpg,0,1,0,0,0
786.jpg,0,1,0,0,0
787.jpg,0,1,0,0,0
788.jpg,0,1,1,0,0
789.jpg,0,1,0,0,0
790.jpg,0,1,0,0,1
791.jpg,0,1,1,0,0
792.jpg,0,1,1,0,0
793.jpg,0,1,0,0,1
794.jpg,0,1,0,0,0
795.jpg,0,1,0,0,0
796.jpg,1,1,0,0,0
797.jpg,0,1,0,0,0
798.jpg,0,1,1,0,0
799.jpg,0,1,0,0,0
800.jpg,0,1,0,0,0
801.jpg,0,0,1,0,0
802.jpg,0,0,1,0,0
803.jpg,0,0,1,0,0
804.jpg,0,0,1,0,0
805.jpg,0,0,1,0,0
806.jpg,0,0,1,0,0
807.jpg,0,0,1,0,0
808.jpg,0,0,1,0,0
809.jpg,0,1,1,0,0
810.jpg,0,0,1,0,0
811.jpg,0,0,1,0,0
812.jpg,0,0,1,0,0
813.jpg,0,0,1,0,0
814.jpg,0,0,1,0,0
815.jpg,0,0,1,0,0
816.jpg,0,0,1,0,0
817.jpg,0,0,1,0,0
818.jpg,0,0,1,0,1
819.jpg,0,0,1,0,0
820.jpg,0,0,1,0,0
821.jpg,0,0,1,0,0
822.jpg,0,0,1,0,0
823.jpg,0,0,1,0,0
824.jpg,0,0,1,0,0
825.jpg,0,0,1,0,0
826.jpg,0,0,1,0,0
827.jpg,0,0,1,0,0
828.jpg,0,0,1,0,0
829.jpg,0,0,1,0,0
830.jpg,0,0,1,0,0
831.jpg,0,0,1,0,0
832.jpg,0,0,1,0,0
833.jpg,0,0,1,0,0
834.jpg,0,0,1,0,0
835.jpg,0,0,1,0,0
836.jpg,0,0,1,0,0
837.jpg,0,0,1,0,0
838.jpg,0,0,1,0,0
839.jpg,0,0,1,0,0
840.jpg,0,0,1,0,0
841.jpg,0,0,1,0,0
842.jpg,0,0,1,0,0
843.jpg,0,0,1,0,0
844.jpg,0,0,1,0,0
845.jpg,0,0,1,0,0
846.jpg,0,0,1,0,0
847.jpg,0,0,1,0,0
848.jpg,0,0,1,1,0
849.jpg,0,0,1,0,0
850.jpg,0,0,1,0,0
851.jpg,0,0,1,0,0
852.jpg,0,0,1,0,0
853.jpg,0,0,1,0,0
854.jpg,0,0,1,0,0
855.jpg,0,0,1,0,0
856.jpg,0,0,1,0,0
857.jpg,0,0,1,0,1
858.jpg,0,0,1,0,0
859.jpg,0,0,1,0,0
860.jpg,0,1,1,0,0
861.jpg,0,0,1,0,0
862.jpg,0,0,1,0,0
863.jpg,0,0,1,0,0
864.jpg,0,0,1,0,0
865.jpg,0,0,1,1,0
866.jpg,0,0,1,0,0
867.jpg,0,0,1,0,0
868.jpg,0,0,1,0,0
869.jpg,0,0,1,0,0
870.jpg,0,0,1,1,0
871.jpg,0,0,1,0,0
872.jpg,0,0,1,0,0
873.jpg,0,0,1,0,0
874.jpg,0,0,1,1,0
875.jpg,0,0,1,0,0
876.jpg,0,0,1,1,0
877.jpg,0,0,1,1,0
878.jpg,0,0,1,1,0
879.jpg,0,0,1,0,0
880.jpg,0,0,1,0,0
881.jpg,0,0,1,0,0
882.jpg,0,1,1,0,0
883.jpg,0,0,1,0,0
884.jpg,0,0,1,0,0
885.jpg,0,0,1,0,0
886.jpg,0,0,1,0,0
887.jpg,0,0,1,0,0
888.jpg,0,0,1,0,0
889.jpg,0,0,1,0,0
890.jpg,0,0,1,0,0
891.jpg,0,0,1,0,0
892.jpg,0,0,1,0,0
893.jpg,0,1,1,0,0
894.jpg,0,1,1,0,0
895.jpg,0,1,1,0,0
896.jpg,0,0,1,0,0
897.jpg,0,0,1,0,0
898.jpg,0,0,1,0,0
899.jpg,0,0,1,0,0
900.jpg,0,0,1,0,0
901.jpg,0,0,1,0,0
902.jpg,0,0,1,0,0
903.jpg,0,0,1,0,0
904.jpg,0,0,1,0,0
905.jpg,0,0,1,0,0
906.jpg,0,0,1,0,0
907.jpg,0,0,1,0,0
908.jpg,0,0,1,0,0
909.jpg,0,0,1,0,0
910.jpg,0,0,1,0,0
911.jpg,0,0,1,0,0
912.jpg,0,0,1,0,0
913.jpg,0,0,1,0,0
914.jpg,0,0,1,0,0
915.jpg,0,0,1,0,0
916.jpg,0,0,1,0,0
917.jpg,0,0,1,0,0
918.jpg,0,0,1,0,0
919.jpg,0,0,1,1,0
920.jpg,0,0,1,1,0
921.jpg,0,0,1,0,0
922.jpg,0,0,1,0,0
923.jpg,0,0,1,0,0
924.jpg,0,0,1,0,0
925.jpg,0,0,1,0,0
926.jpg,0,0,1,0,0
927.jpg,0,0,1,0,1
928.jpg,0,0,1,0,0
929.jpg,0,0,1,0,0
930.jpg,0,0,1,0,0
931.jpg,0,0,1,0,0
932.jpg,0,0,1,0,0
933.jpg,0,0,1,0,1
934.jpg,0,0,1,0,0
935.jpg,0,0,1,0,0
936.jpg,0,0,1,0,0
937.jpg,0,0,1,0,0
938.jpg,0,0,1,0,0
939.jpg,0,0,1,0,0
940.jpg,0,0,1,0,0
941.jpg,0,0,1,0,0
942.jpg,0,0,1,0,0
943.jpg,0,0,1,0,0
944.jpg,0,0,1,0,0
945.jpg,0,0,1,0,0
946.jpg,0,0,1,0,0
947.jpg,0,0,1,0,0
948.jpg,0,0,1,0,0
949.jpg,0,0,1,0,0
950.jpg,0,0,1,0,0
951.jpg,0,0,1,0,0
952.jpg,0,0,1,0,0
953.jpg,0,0,1,0,0
954.jpg,0,0,1,0,0
955.jpg,0,0,1,0,0
956.jpg,0,0,1,0,0
957.jpg,0,0,1,0,0
958.jpg,0,0,1,0,0
959.jpg,0,0,1,0,0
960.jpg,0,0,1,0,0
961.jpg,0,0,1,0,0
962.jpg,0,0,1,0,0
963.jpg,0,0,1,0,0
964.jpg,0,0,1,0,0
965.jpg,0,0,1,0,0
966.jpg,0,0,1,0,0
967.jpg,0,0,1,0,0
968.jpg,0,0,1,0,0
969.jpg,0,0,1,0,0
970.jpg,0,0,1,0,0
971.jpg,0,0,1,0,0
972.jpg,0,0,1,0,0
973.jpg,0,0,1,0,0
974.jpg,0,0,1,0,0
975.jpg,0,0,1,0,0
976.jpg,0,0,1,0,0
977.jpg,0,0,1,0,0
978.jpg,0,0,1,0,0
979.jpg,0,0,1,0,0
980.jpg,0,0,1,0,0
981.jpg,0,0,1,0,0
982.jpg,0,0,1,0,0
983.jpg,0,0,1,0,0
984.jpg,0,0,1,0,0
985.jpg,0,0,1,0,0
986.jpg,0,0,1,0,0
987.jpg,0,0,1,0,0
988.jpg,0,0,1,0,0
989.jpg,0,0,1,0,0
990.jpg,0,0,1,0,0
991.jpg,0,0,1,0,0
992.jpg,0,0,1,0,0
993.jpg,0,0,1,0,0
994.jpg,0,0,1,0,0
995.jpg,0,0,1,0,0
996.jpg,0,0,1,0,0
997.jpg,0,0,1,0,0
998.jpg,0,0,1,0,0
999.jpg,0,0,1,0,0
1000.jpg,0,0,1,0,0
1001.jpg,0,0,1,0,0
1002.jpg,0,0,1,0,0
1003.jpg,0,0,1,0,0
1004.jpg,0,0,1,0,0
1005.jpg,0,0,1,0,0
1006.jpg,0,0,1,0,0
1007.jpg,0,0,1,0,0
1008.jpg,0,0,1,0,0
1009.jpg,0,0,1,0,0
1010.jpg,0,0,1,0,0
1011.jpg,0,0,1,0,0
1012.jpg,0,0,1,0,0
1013.jpg,0,0,1,0,0
1014.jpg,0,0,1,0,0
1015.jpg,0,0,1,0,0
1016.jpg,0,0,1,0,0
1017.jpg,0,0,1,0,0
1018.jpg,0,0,1,0,0
1019.jpg,0,0,1,0,0
1020.jpg,0,0,1,0,0
1021.jpg,0,0,1,0,0
1022.jpg,0,0,1,0,0
1023.jpg,0,0,1,0,0
1024.jpg,0,0,1,0,0
1025.jpg,0,0,1,0,0
1026.jpg,0,0,1,0,0
1027.jpg,0,0,1,0,0
1028.jpg,0,0,1,0,0
1029.jpg,0,0,1,0,0
1030.jpg,0,0,1,0,0
1031.jpg,0,0,1,0,0
1032.jpg,0,0,1,0,0
1033.jpg,0,0,1,0,0
1034.jpg,0,0,1,0,0
1035.jpg,0,0,1,0,0
1036.jpg,0,0,1,0,0
1037.jpg,0,0,1,0,0
1038.jpg,0,0,1,0,0
1039.jpg,0,0,1,0,0
1040.jpg,0,0,1,0,0
1041.jpg,0,0,1,0,0
1042.jpg,0,0,1,0,0
1043.jpg,0,0,1,0,0
1044.jpg,0,0,1,0,0
1045.jpg,0,0,1,0,0
1046.jpg,0,0,1,0,0
1047.jpg,0,0,1,0,0
1048.jpg,0,0,1,0,0
1049.jpg,0,0,1,0,0
1050.jpg,0,0,1,0,0
1051.jpg,0,0,1,0,0
1052.jpg,0,0,1,0,0
1053.jpg,0,0,1,0,0
1054.jpg,0,0,1,0,0
1055.jpg,0,0,1,1,0
1056.jpg,0,0,1,0,0
1057.jpg,0,0,1,0,0
1058.jpg,0,0,1,0,0
1059.jpg,0,0,1,0,0
1060.jpg,0,0,1,0,0
1061.jpg,0,0,1,0,0
1062.jpg,0,0,1,0,0
1063.jpg,0,0,1,0,0
1064.jpg,0,0,1,0,0
1065.jpg,0,0,1,0,0
1066.jpg,0,0,1,0,1
1067.jpg,0,0,1,0,0
1068.jpg,0,0,1,0,0
1069.jpg,0,0,1,0,0
1070.jpg,0,0,1,0,0
1071.jpg,0,0,1,0,0
1072.jpg,0,0,1,0,0
1073.jpg,0,0,1,0,0
1074.jpg,0,0,1,0,0
1075.jpg,0,0,1,0,0
1076.jpg,0,0,1,0,1
1077.jpg,0,0,1,0,0
1078.jpg,0,0,1,0,0
1079.jpg,0,0,1,1,0
1080.jpg,0,0,1,0,0
1081.jpg,0,0,1,0,0
1082.jpg,0,0,1,0,0
1083.jpg,0,0,1,0,0
1084.jpg,0,0,1,0,0
1085.jpg,0,0,1,0,0
1086.jpg,0,0,1,0,0
1087.jpg,0,0,1,0,1
1088.jpg,0,0,1,1,0
1089.jpg,0,0,1,0,0
1090.jpg,0,0,1,0,0
1091.jpg,0,0,1,0,0
1092.jpg,0,0,1,0,0
1093.jpg,0,0,1,0,0
1094.jpg,0,0,1,1,0
1095.jpg,0,0,1,0,0
1096.jpg,0,0,1,0,0
1097.jpg,0,0,1,0,1
1098.jpg,0,0,1,0,0
1099.jpg,0,0,1,0,0
1100.jpg,0,0,1,0,0
1101.jpg,0,0,1,0,0
1102.jpg,0,0,1,0,0
1103.jpg,0,0,1,0,0
1104.jpg,0,0,1,0,0
1105.jpg,0,0,1,1,0
1106.jpg,0,0,1,0,1
1107.jpg,0,0,1,0,0
1108.jpg,0,0,1,1,0
1109.jpg,0,0,1,1,0
1110.jpg,0,0,1,0,0
1111.jpg,0,0,1,0,0
1112.jpg,0,0,1,0,0
1113.jpg,0,0,1,0,0
1114.jpg,0,0,1,0,0
1115.jpg,0,0,1,1,0
1116.jpg,0,0,1,1,0
1117.jpg,0,0,1,0,0
1118.jpg,0,0,1,1,0
1119.jpg,0,0,1,1,0
1120.jpg,0,0,1,0,0
1121.jpg,0,0,1,0,0
1122.jpg,0,0,1,0,0
1123.jpg,0,0,1,0,0
1124.jpg,0,0,1,0,0
1125.jpg,0,0,1,0,0
1126.jpg,0,0,1,0,0
1127.jpg,0,0,1,1,0
1128.jpg,0,0,1,0,0
1129.jpg,0,0,1,0,0
1130.jpg,0,0,1,1,0
1131.jpg,0,0,1,0,0
1132.jpg,0,0,1,0,0
1133.jpg,0,0,1,0,0
1134.jpg,0,0,1,0,0
1135.jpg,0,0,1,0,0
1136.jpg,0,0,1,0,0
1137.jpg,0,0,1,0,0
1138.jpg,0,0,1,0,0
1139.jpg,0,0,1,0,0
1140.jpg,0,0,1,0,1
1141.jpg,0,0,1,0,0
1142.jpg,0,0,1,1,0
1143.jpg,0,0,1,0,0
1144.jpg,0,0,1,1,0
1145.jpg,0,0,1,1,0
1146.jpg,0,0,1,0,0
1147.jpg,0,0,1,0,0
1148.jpg,0,0,1,0,0
1149.jpg,0,0,1,0,0
1150.jpg,0,0,1,0,0
1151.jpg,0,0,1,0,0
1152.jpg,0,0,1,0,0
1153.jpg,0,0,1,0,0
1154.jpg,0,0,1,0,0
1155.jpg,0,0,1,0,0
1156.jpg,0,0,1,1,0
1157.jpg,0,0,1,1,0
1158.jpg,0,0,1,0,0
1159.jpg,0,0,1,0,0
1160.jpg,0,0,1,1,0
1161.jpg,0,0,1,1,0
1162.jpg,0,0,1,1,0
1163.jpg,0,0,1,1,0
1164.jpg,0,0,1,0,0
1165.jpg,0,0,1,0,0
1166.jpg,0,0,1,0,0
1167.jpg,0,0,1,1,0
1168.jpg,0,0,1,1,0
1169.jpg,0,0,1,1,0
1170.jpg,0,0,1,0,0
1171.jpg,0,0,1,0,0
1172.jpg,0,0,1,1,0
1173.jpg,0,0,1,0,0
1174.jpg,0,0,1,0,0
1175.jpg,0,0,1,1,0
1176.jpg,0,0,1,0,0
1177.jpg,0,0,1,1,0
1178.jpg,0,0,1,0,0
1179.jpg,0,0,1,1,0
1180.jpg,0,0,1,1,0
1181.jpg,0,0,1,0,0
1182.jpg,0,0,1,0,0
1183.jpg,0,0,1,0,1
1184.jpg,0,0,1,1,0
1185.jpg,0,0,1,0,0
1186.jpg,0,0,1,0,0
1187.jpg,0,0,1,0,0
1188.jpg,0,0,1,1,0
1189.jpg,0,0,1,0,0
1190.jpg,0,0,1,0,0
1191.jpg,0,0,1,0,0
1192.jpg,0,0,1,0,0
1193.jpg,0,0,1,0,0
1194.jpg,0,0,1,0,0
1195.jpg,0,0,1,0,0
1196.jpg,0,0,1,0,1
1197.jpg,0,0,1,0,0
1198.jpg,0,0,1,0,0
1199.jpg,0,0,1,0,0
1200.jpg,0,0,1,0,0
1201.jpg,0,0,0,1,0
1202.jpg,0,0,1,1,0
1203.jpg,0,0,0,1,0
1204.jpg,0,0,0,1,0
1205.jpg,0,0,1,1,0
1206.jpg,0,0,0,1,0
1207.jpg,0,0,0,1,0
1208.jpg,0,0,0,1,0
1209.jpg,0,0,0,1,0
1210.jpg,0,0,0,1,0
1211.jpg,0,0,0,1,0
1212.jpg,0,0,1,1,0
1213.jpg,0,0,1,1,0
1214.jpg,0,0,0,1,0
1215.jpg,0,0,1,1,0
1216.jpg,0,0,0,1,1
1217.jpg,0,0,1,1,0
1218.jpg,0,1,0,1,0
1219.jpg,0,0,0,1,1
1220.jpg,0,0,0,1,0
1221.jpg,0,0,0,1,1
1222.jpg,0,0,0,1,0
1223.jpg,0,0,1,1,0
1224.jpg,0,0,0,1,0
1225.jpg,0,0,0,1,1
1226.jpg,0,0,1,1,0
1227.jpg,0,0,1,1,0
1228.jpg,0,0,0,1,1
1229.jpg,0,0,1,1,0
1230.jpg,0,0,0,1,0
1231.jpg,0,0,0,1,0
1232.jpg,0,0,0,1,0
1233.jpg,0,0,0,1,1
1234.jpg,0,0,1,1,0
1235.jpg,0,0,0,1,0
1236.jpg,0,0,1,1,0
1237.jpg,0,0,0,1,0
1238.jpg,0,0,0,1,0
1239.jpg,0,0,0,1,0
1240.jpg,0,0,1,1,0
1241.jpg,0,0,1,1,0
1242.jpg,0,0,0,1,1
1243.jpg,0,0,1,1,0
1244.jpg,0,0,1,1,0
1245.jpg,0,0,1,1,0
1246.jpg,0,0,0,1,0
1247.jpg,0,0,1,1,0
1248.jpg,0,0,1,1,0
1249.jpg,0,0,1,1,0
1250.jpg,0,0,1,1,0
1251.jpg,0,0,1,1,0
1252.jpg,0,0,1,1,0
1253.jpg,0,0,1,1,0
1254.jpg,0,0,0,1,1
1255.jpg,0,0,0,1,0
1256.jpg,0,0,0,1,0
1257.jpg,0,0,1,1,0
1258.jpg,0,0,0,1,0
1259.jpg,0,0,0,1,0
1260.jpg,0,0,1,1,0
1261.jpg,0,0,1,1,0
1262.jpg,0,1,0,1,0
1263.jpg,0,0,1,1,0
1264.jpg,0,0,1,1,0
1265.jpg,0,0,1,1,0
1266.jpg,0,0,1,1,0
1267.jpg,0,0,1,1,1
1268.jpg,0,0,1,1,0
1269.jpg,0,0,1,1,0
1270.jpg,0,0,1,1,0
1271.jpg,0,0,1,1,0
1272.jpg,0,0,1,1,0
1273.jpg,0,0,1,1,0
1274.jpg,0,0,1,1,0
1275.jpg,0,0,1,1,0
1276.jpg,0,0,1,1,0
1277.jpg,0,0,1,1,0
1278.jpg,0,0,1,1,1
1279.jpg,0,0,1,1,1
1280.jpg,0,0,1,1,1
1281.jpg,0,0,0,1,0
1282.jpg,0,0,0,1,0
1283.jpg,0,0,0,1,0
1284.jpg,0,0,1,1,0
1285.jpg,0,0,1,1,0
1286.jpg,0,0,1,1,0
1287.jpg,0,0,1,1,0
1288.jpg,0,0,0,1,0
1289.jpg,0,0,0,1,0
1290.jpg,0,0,0,1,0
1291.jpg,0,0,1,1,0
1292.jpg,0,0,0,1,0
1293.jpg,0,0,1,1,0
1294.jpg,0,0,0,1,0
1295.jpg,0,0,0,1,0
1296.jpg,0,0,0,1,1
1297.jpg,0,0,0,1,0
1298.jpg,0,0,0,1,0
1299.jpg,0,0,1,1,0
1300.jpg,0,1,0,1,1
1301.jpg,0,1,0,1,0
1302.jpg,0,0,1,1,0
1303.jpg,0,0,0,1,0
1304.jpg,0,0,0,1,0
1305.jpg,1,0,0,1,1
1306.jpg,0,0,0,1,0
1307.jpg,0,0,0,1,0
1308.jpg,0,0,1,1,0
1309.jpg,0,0,1,1,0
1310.jpg,0,0,0,1,0
1311.jpg,0,1,0,1,0
1312.jpg,0,0,0,1,0
1313.jpg,0,0,0,1,0
1314.jpg,0,0,0,1,0
1315.jpg,0,0,0,1,0
1316.jpg,0,0,1,1,0
1317.jpg,0,0,1,1,0
1318.jpg,0,0,0,1,1
1319.jpg,0,0,0,1,0
1320.jpg,0,0,1,1,0
1321.jpg,0,0,1,1,0
1322.jpg,0,0,0,1,0
1323.jpg,0,0,0,1,0
1324.jpg,0,0,1,1,0
1325.jpg,0,0,0,1,0
1326.jpg,0,0,0,1,0
1327.jpg,0,1,0,1,0
1328.jpg,0,0,1,1,0
1329.jpg,0,0,1,1,0
1330.jpg,0,0,1,1,0
1331.jpg,0,0,0,1,0
1332.jpg,0,0,0,1,0
1333.jpg,0,0,1,1,0
1334.jpg,0,0,1,1,0
1335.jpg,0,0,0,1,0
1336.jpg,0,0,0,1,0
1337.jpg,0,0,0,1,1
1338.jpg,0,0,1,1,0
1339.jpg,0,0,0,1,0
1340.jpg,0,0,1,1,0
1341.jpg,0,0,0,1,0
1342.jpg,0,0,0,1,0
1343.jpg,0,1,0,1,0
1344.jpg,0,0,0,1,0
1345.jpg,0,0,0,1,0
1346.jpg,0,0,0,1,1
1347.jpg,0,0,0,1,0
1348.jpg,0,0,0,1,0
1349.jpg,0,0,0,1,0
1350.jpg,0,0,0,1,1
1351.jpg,0,0,0,1,1
1352.jpg,0,0,0,1,0
1353.jpg,0,0,0,1,0
1354.jpg,0,0,0,1,0
1355.jpg,0,0,0,1,1
1356.jpg,0,0,0,1,1
1357.jpg,0,0,0,1,0
1358.jpg,0,0,1,1,0
1359.jpg,0,0,1,1,0
1360.jpg,0,0,1,1,0
1361.jpg,0,0,0,1,1
1362.jpg,0,0,0,1,0
1363.jpg,0,0,0,1,0
1364.jpg,0,0,0,1,1
1365.jpg,0,0,1,1,0
1366.jpg,0,0,0,1,1
1367.jpg,0,0,0,1,0
1368.jpg,0,0,0,1,0
1369.jpg,0,0,0,1,0
1370.jpg,0,0,1,1,0
1371.jpg,0,1,0,1,0
1372.jpg,0,0,0,1,0
1373.jpg,0,0,0,1,0
1374.jpg,0,0,1,1,0
1375.jpg,0,0,1,1,0
1376.jpg,0,0,0,1,0
1377.jpg,0,0,0,1,0
1378.jpg,0,0,1,1,0
1379.jpg,0,0,1,1,0
1380.jpg,0,0,0,1,0
1381.jpg,1,0,0,1,0
1382.jpg,1,0,0,1,1
1383.jpg,0,0,0,1,0
1384.jpg,0,0,0,1,1
1385.jpg,0,1,0,1,0
1386.jpg,0,0,0,1,0
1387.jpg,0,0,0,1,0
1388.jpg,0,0,0,1,0
1389.jpg,0,0,0,1,0
1390.jpg,0,0,0,1,0
1391.jpg,0,0,1,1,0
1392.jpg,0,0,1,1,0
1393.jpg,0,0,0,1,0
1394.jpg,1,0,0,1,0
1395.jpg,0,0,0,1,0
1396.jpg,0,0,0,1,0
1397.jpg,0,0,0,1,0
1398.jpg,0,0,0,1,0
1399.jpg,0,0,1,1,0
1400.jpg,0,0,1,1,0
1401.jpg,0,0,0,1,0
1402.jpg,0,0,0,1,0
1403.jpg,0,0,0,1,0
1404.jpg,0,0,1,1,0
1405.jpg,0,0,1,1,0
1406.jpg,0,0,0,1,0
1407.jpg,0,0,0,1,0
1408.jpg,0,0,0,1,0
1409.jpg,0,0,1,1,0
1410.jpg,0,0,1,1,0
1411.jpg,0,0,1,1,0
1412.jpg,0,0,0,1,1
1413.jpg,0,0,0,1,0
1414.jpg,0,0,0,1,0
1415.jpg,0,0,1,1,0
1416.jpg,0,0,0,1,0
1417.jpg,0,0,0,1,0
1418.jpg,0,0,0,1,0
1419.jpg,0,0,0,1,0
1420.jpg,0,0,1,1,0
1421.jpg,0,0,1,1,0
1422.jpg,0,0,1,1,0
1423.jpg,0,0,0,1,0
1424.jpg,0,0,0,1,0
1425.jpg,0,0,0,1,0
1426.jpg,0,1,0,1,0
1427.jpg,0,1,0,1,0
1428.jpg,0,0,0,1,0
1429.jpg,0,0,0,1,0
1430.jpg,0,0,0,1,0
1431.jpg,0,1,0,1,0
1432.jpg,0,0,0,1,0
1433.jpg,0,0,0,1,0
1434.jpg,0,1,0,1,0
1435.jpg,0,0,0,1,0
1436.jpg,0,0,0,1,1
1437.jpg,0,0,0,1,0
1438.jpg,0,0,0,1,0
1439.jpg,0,0,0,1,1
1440.jpg,0,0,0,1,0
1441.jpg,0,0,0,1,0
1442.jpg,0,0,0,1,0
1443.jpg,0,0,0,1,0
1444.jpg,0,0,1,1,0
1445.jpg,0,0,0,1,0
1446.jpg,0,0,1,1,0
1447.jpg,0,0,1,1,0
1448.jpg,0,0,1,1,0
1449.jpg,0,0,1,1,0
1450.jpg,0,0,1,1,0
1451.jpg,0,0,0,1,0
1452.jpg,0,0,1,1,0
1453.jpg,0,0,1,1,0
1454.jpg,0,0,1,1,0
1455.jpg,0,0,1,1,0
1456.jpg,0,0,1,1,0
1457.jpg,0,0,0,1,0
1458.jpg,0,0,0,1,0
1459.jpg,0,0,0,1,0
1460.jpg,0,0,1,1,0
1461.jpg,0,0,0,1,0
1462.jpg,0,0,1,1,0
1463.jpg,0,0,1,1,0
1464.jpg,0,0,0,1,0
1465.jpg,0,0,0,1,0
1466.jpg,0,0,0,1,0
1467.jpg,0,0,0,1,0
1468.jpg,0,0,0,1,0
1469.jpg,0,0,0,1,0
1470.jpg,0,0,1,1,0
1471.jpg,0,0,1,1,0
1472.jpg,0,0,1,1,0
1473.jpg,0,0,0,1,0
1474.jpg,0,0,0,1,0
1475.jpg,0,0,1,1,0
1476.jpg,0,0,0,1,0
1477.jpg,0,0,0,1,0
1478.jpg,0,0,0,1,0
1479.jpg,0,0,0,1,0
1480.jpg,0,0,0,1,0
1481.jpg,0,0,0,1,0
1482.jpg,0,0,0,1,0
1483.jpg,0,0,0,1,0
1484.jpg,0,0,0,1,0
1485.jpg,0,0,0,1,0
1486.jpg,0,0,0,1,1
1487.jpg,0,0,0,1,0
1488.jpg,0,0,0,1,0
1489.jpg,0,1,0,1,0
1490.jpg,0,0,0,1,0
1491.jpg,0,0,1,1,0
1492.jpg,0,0,1,1,0
1493.jpg,0,0,1,1,0
1494.jpg,0,0,1,1,0
1495.jpg,0,0,1,1,0
1496.jpg,0,0,1,1,0
1497.jpg,0,0,0,1,0
1498.jpg,0,0,0,1,0
1499.jpg,0,0,1,1,0
1500.jpg,0,0,1,1,0
1501.jpg,0,0,0,1,0
1502.jpg,0,1,0,1,0
1503.jpg,0,1,0,1,0
1504.jpg,0,0,0,1,0
1505.jpg,0,0,0,1,0
1506.jpg,0,0,0,1,0
1507.jpg,0,0,0,1,0
1508.jpg,0,0,0,1,0
1509.jpg,0,0,0,1,1
1510.jpg,0,0,0,1,1
1511.jpg,0,0,1,1,0
1512.jpg,0,0,0,1,0
1513.jpg,0,0,0,1,0
1514.jpg,0,0,0,1,0
1515.jpg,0,0,0,1,0
1516.jpg,0,1,0,1,0
1517.jpg,0,0,0,1,0
1518.jpg,0,0,0,1,0
1519.jpg,0,0,0,1,0
1520.jpg,0,0,1,1,0
1521.jpg,0,0,0,1,0
1522.jpg,0,0,0,1,0
1523.jpg,0,0,0,1,1
1524.jpg,0,0,0,1,0
1525.jpg,0,0,0,1,0
1526.jpg,0,0,0,1,0
1527.jpg,0,0,0,1,0
1528.jpg,0,0,0,1,0
1529.jpg,0,0,0,1,0
1530.jpg,0,0,0,1,0
1531.jpg,0,0,0,1,0
1532.jpg,0,0,0,1,0
1533.jpg,0,0,0,1,0
1534.jpg,0,0,0,1,0
1535.jpg,0,0,0,1,0
1536.jpg,0,0,0,1,0
1537.jpg,0,0,0,1,0
1538.jpg,0,0,0,1,0
1539.jpg,0,0,0,1,0
1540.jpg,0,0,0,1,0
1541.jpg,0,0,1,1,0
1542.jpg,0,0,0,1,0
1543.jpg,0,0,0,1,0
1544.jpg,0,0,0,1,0
1545.jpg,0,0,0,1,0
1546.jpg,0,0,0,1,0
1547.jpg,0,0,0,1,0
1548.jpg,0,0,0,1,0
1549.jpg,0,0,0,1,0
1550.jpg,0,0,1,1,0
1551.jpg,0,0,0,1,0
1552.jpg,0,0,0,1,0
1553.jpg,0,0,1,1,0
1554.jpg,0,0,0,1,0
1555.jpg,0,0,0,1,0
1556.jpg,0,0,0,1,0
1557.jpg,0,0,1,1,0
1558.jpg,0,0,0,1,0
1559.jpg,0,0,0,1,0
1560.jpg,0,0,0,1,0
1561.jpg,0,0,0,1,0
1562.jpg,0,0,0,1,0
1563.jpg,0,0,0,1,0
1564.jpg,0,0,1,1,0
1565.jpg,0,0,0,1,0
1566.jpg,0,0,0,1,0
1567.jpg,0,0,0,1,0
1568.jpg,0,0,0,1,0
1569.jpg,0,0,0,1,0
1570.jpg,0,0,0,1,0
1571.jpg,0,0,0,1,0
1572.jpg,0,0,0,1,0
1573.jpg,0,0,0,1,0
1574.jpg,0,0,1,1,0
1575.jpg,0,0,1,1,0
1576.jpg,0,0,0,1,0
1577.jpg,0,0,0,1,0
1578.jpg,0,0,0,1,0
1579.jpg,0,0,0,1,0
1580.jpg,0,0,1,1,0
1581.jpg,0,0,0,1,0
1582.jpg,0,0,1,1,0
1583.jpg,0,0,0,1,0
1584.jpg,0,0,0,1,0
1585.jpg,0,0,0,1,0
1586.jpg,0,0,1,1,0
1587.jpg,0,0,0,1,0
1588.jpg,0,0,1,1,0
1589.jpg,0,0,1,1,0
1590.jpg,0,0,1,1,0
1591.jpg,0,0,0,1,0
1592.jpg,0,0,0,1,0
1593.jpg,0,0,0,1,0
1594.jpg,0,0,0,1,0
1595.jpg,0,0,0,1,1
1596.jpg,0,0,1,1,0
1597.jpg,0,0,1,1,0
1598.jpg,0,0,1,1,0
1599.jpg,0,0,1,1,0
1600.jpg,0,0,1,1,0
1601.jpg,0,0,0,0,1
1602.jpg,0,0,0,0,1
1603.jpg,0,0,0,0,1
1604.jpg,0,0,0,0,1
1605.jpg,0,0,0,0,1
1606.jpg,0,0,0,0,1
1607.jpg,0,0,0,0,1
1608.jpg,0,0,0,0,1
1609.jpg,0,0,0,0,1
1610.jpg,0,0,0,0,1
1611.jpg,0,0,0,0,1
1612.jpg,0,0,0,0,1
1613.jpg,0,0,0,0,1
1614.jpg,1,0,0,0,1
1615.jpg,0,0,0,0,1
1616.jpg,0,0,0,0,1
1617.jpg,0,0,0,0,1
1618.jpg,0,0,0,0,1
1619.jpg,0,0,0,0,1
1620.jpg,0,0,0,0,1
1621.jpg,0,0,0,0,1
1622.jpg,0,0,0,0,1
1623.jpg,0,0,0,0,1
1624.jpg,0,0,0,0,1
1625.jpg,0,0,0,0,1
1626.jpg,0,0,0,0,1
1627.jpg,0,0,0,0,1
1628.jpg,0,0,0,0,1
1629.jpg,0,0,0,0,1
1630.jpg,0,0,0,0,1
1631.jpg,0,0,0,0,1
1632.jpg,0,0,0,0,1
1633.jpg,0,0,0,0,1
1634.jpg,0,0,0,0,1
1635.jpg,0,0,0,0,1
1636.jpg,0,0,0,0,1
1637.jpg,0,0,0,0,1
1638.jpg,0,0,0,0,1
1639.jpg,0,0,0,0,1
1640.jpg,0,0,0,0,1
1641.jpg,0,0,0,0,1
1642.jpg,0,0,0,0,1
1643.jpg,0,0,0,0,1
1644.jpg,0,0,0,0,1
1645.jpg,0,0,0,0,1
1646.jpg,0,0,0,0,1
1647.jpg,0,0,0,0,1
1648.jpg,0,0,0,0,1
1649.jpg,0,0,0,0,1
1650.jpg,0,0,0,0,1
1651.jpg,0,0,0,0,1
1652.jpg,0,0,0,0,1
1653.jpg,0,0,0,0,1
1654.jpg,0,0,0,0,1
1655.jpg,0,0,0,0,1
1656.jpg,0,0,0,0,1
1657.jpg,0,0,0,0,1
1658.jpg,0,0,0,0,1
1659.jpg,0,0,0,0,1
1660.jpg,0,0,0,0,1
1661.jpg,0,0,0,0,1
1662.jpg,0,0,1,0,1
1663.jpg,0,0,0,0,1
1664.jpg,0,0,0,0,1
1665.jpg,0,1,0,0,1
1666.jpg,0,0,0,0,1
1667.jpg,0,0,0,0,1
1668.jpg,0,0,0,0,1
1669.jpg,0,0,0,0,1
1670.jpg,0,0,0,0,1
1671.jpg,0,0,0,0,1
1672.jpg,0,0,0,0,1
1673.jpg,0,0,0,0,1
1674.jpg,0,0,0,0,1
1675.jpg,0,0,0,0,1
1676.jpg,0,0,0,0,1
1677.jpg,0,0,0,0,1
1678.jpg,0,0,0,0,1
1679.jpg,0,0,0,0,1
1680.jpg,0,0,0,0,1
1681.jpg,0,0,0,0,1
1682.jpg,0,0,0,0,1
1683.jpg,0,0,0,0,1
1684.jpg,0,0,0,0,1
1685.jpg,0,0,0,0,1
1686.jpg,0,0,0,0,1
1687.jpg,0,0,0,0,1
1688.jpg,0,0,0,0,1
1689.jpg,0,0,0,0,1
1690.jpg,0,0,0,0,1
1691.jpg,0,0,0,0,1
1692.jpg,0,0,0,0,1
1693.jpg,0,0,0,0,1
1694.jpg,0,0,0,0,1
1695.jpg,0,0,0,0,1
1696.jpg,0,0,0,0,1
1697.jpg,0,0,0,0,1
1698.jpg,1,0,0,0,1
1699.jpg,0,0,0,0,1
1700.jpg,0,0,0,0,1
1701.jpg,0,0,0,0,1
1702.jpg,0,0,0,0,1
1703.jpg,0,0,0,0,1
1704.jpg,0,0,0,0,1
1705.jpg,0,0,0,0,1
1706.jpg,0,0,0,0,1
1707.jpg,0,0,0,0,1
1708.jpg,0,0,0,0,1
1709.jpg,0,0,0,0,1
1710.jpg,0,0,0,0,1
1711.jpg,0,0,0,0,1
1712.jpg,0,0,0,0,1
1713.jpg,0,0,0,0,1
1714.jpg,0,0,0,0,1
1715.jpg,0,0,0,0,1
1716.jpg,0,0,0,0,1
1717.jpg,0,0,0,0,1
1718.jpg,0,0,0,0,1
1719.jpg,0,0,0,0,1
1720.jpg,0,0,0,0,1
1721.jpg,0,0,0,0,1
1722.jpg,0,0,0,0,1
1723.jpg,0,0,0,0,1
1724.jpg,0,0,0,0,1
1725.jpg,0,0,0,0,1
1726.jpg,0,0,0,0,1
1727.jpg,0,0,0,0,1
1728.jpg,0,0,0,0,1
1729.jpg,0,0,0,0,1
1730.jpg,0,0,0,0,1
1731.jpg,0,0,0,0,1
1732.jpg,0,0,0,0,1
1733.jpg,0,0,0,0,1
1734.jpg,0,0,0,0,1
1735.jpg,0,0,0,0,1
1736.jpg,0,0,0,0,1
1737.jpg,0,0,0,0,1
1738.jpg,0,0,0,0,1
1739.jpg,0,0,0,0,1
1740.jpg,0,0,0,0,1
1741.jpg,0,0,0,0,1
1742.jpg,0,0,0,0,1
1743.jpg,0,0,0,0,1
1744.jpg,0,0,0,0,1
1745.jpg,0,0,0,0,1
1746.jpg,0,0,0,0,1
1747.jpg,0,0,0,0,1
1748.jpg,0,0,0,0,1
1749.jpg,0,0,0,0,1
1750.jpg,0,0,0,0,1
1751.jpg,0,0,0,0,1
1752.jpg,0,0,0,0,1
1753.jpg,0,0,0,0,1
1754.jpg,0,0,0,0,1
1755.jpg,0,0,0,0,1
1756.jpg,0,0,0,0,1
1757.jpg,0,0,0,0,1
1758.jpg,0,0,0,0,1
1759.jpg,0,0,0,0,1
1760.jpg,0,0,0,0,1
1761.jpg,0,0,0,0,1
1762.jpg,0,1,0,0,1
1763.jpg,0,0,0,0,1
1764.jpg,0,0,0,0,1
1765.jpg,0,0,0,0,1
1766.jpg,0,1,0,0,1
1767.jpg,0,0,0,0,1
1768.jpg,0,0,0,0,1
1769.jpg,0,0,0,0,1
1770.jpg,0,0,0,0,1
1771.jpg,0,0,0,0,1
1772.jpg,0,1,0,0,1
1773.jpg,0,0,0,0,1
1774.jpg,0,0,0,0,1
1775.jpg,0,0,0,0,1
1776.jpg,0,0,0,0,1
1777.jpg,0,0,0,0,1
1778.jpg,0,0,0,0,1
1779.jpg,0,0,0,0,1
1780.jpg,0,0,0,0,1
1781.jpg,0,0,0,0,1
1782.jpg,0,0,0,0,1
1783.jpg,0,0,0,0,1
1784.jpg,0,0,0,0,1
1785.jpg,0,0,0,0,1
1786.jpg,0,0,0,0,1
1787.jpg,0,0,0,0,1
1788.jpg,0,0,0,0,1
1789.jpg,0,0,0,0,1
1790.jpg,0,0,0,0,1
1791.jpg,0,0,0,0,1
1792.jpg,0,0,0,0,1
1793.jpg,0,0,0,0,1
1794.jpg,0,0,0,0,1
1795.jpg,0,0,0,0,1
1796.jpg,0,0,0,0,1
1797.jpg,0,0,0,0,1
1798.jpg,0,0,0,0,1
1799.jpg,0,0,0,0,1
1800.jpg,0,0,0,0,1
1801.jpg,0,0,0,0,1
1802.jpg,0,0,0,0,1
1803.jpg,0,0,0,0,1
1804.jpg,0,0,0,0,1
1805.jpg,0,0,0,0,1
1806.jpg,0,0,0,0,1
1807.jpg,0,0,0,0,1
1808.jpg,0,0,0,0,1
1809.jpg,0,0,0,0,1
1810.jpg,0,0,0,0,1
1811.jpg,0,0,0,0,1
1812.jpg,0,0,0,0,1
1813.jpg,0,0,0,0,1
1814.jpg,0,0,0,0,1
1815.jpg,0,0,0,0,1
1816.jpg,0,0,0,0,1
1817.jpg,0,0,0,0,1
1818.jpg,0,0,0,0,1
1819.jpg,0,0,0,0,1
1820.jpg,0,0,0,0,1
1821.jpg,0,0,0,0,1
1822.jpg,0,0,0,0,1
1823.jpg,0,0,0,0,1
1824.jpg,0,0,0,0,1
1825.jpg,0,0,0,0,1
1826.jpg,0,0,0,0,1
1827.jpg,0,0,0,0,1
1828.jpg,0,0,0,0,1
1829.jpg,0,0,0,0,1
1830.jpg,0,0,0,0,1
1831.jpg,0,0,0,0,1
1832.jpg,0,0,0,0,1
1833.jpg,0,0,0,0,1
1834.jpg,0,0,0,0,1
1835.jpg,0,0,0,0,1
1836.jpg,0,0,0,0,1
1837.jpg,0,0,0,0,1
1838.jpg,0,1,0,0,1
1839.jpg,0,0,0,0,1
1840.jpg,0,0,0,0,1
1841.jpg,0,0,0,0,1
1842.jpg,0,0,0,0,1
1843.jpg,0,0,0,0,1
1844.jpg,0,0,0,0,1
1845.jpg,0,0,0,0,1
1846.jpg,0,0,0,0,1
1847.jpg,0,0,0,0,1
1848.jpg,0,0,0,0,1
1849.jpg,0,0,0,0,1
1850.jpg,0,0,0,0,1
1851.jpg,0,0,0,0,1
1852.jpg,0,0,0,0,1
1853.jpg,0,0,0,0,1
1854.jpg,0,0,0,0,1
1855.jpg,0,0,0,0,1
1856.jpg,0,0,0,0,1
1857.jpg,0,0,0,0,1
1858.jpg,0,0,0,0,1
1859.jpg,0,0,0,0,1
1860.jpg,0,0,0,0,1
1861.jpg,0,0,0,0,1
1862.jpg,0,0,0,0,1
1863.jpg,0,0,0,0,1
1864.jpg,0,0,0,0,1
1865.jpg,0,0,0,0,1
1866.jpg,0,0,0,0,1
1867.jpg,0,0,0,0,1
1868.jpg,0,0,0,0,1
1869.jpg,0,0,0,0,1
1870.jpg,0,0,0,0,1
1871.jpg,0,0,0,0,1
1872.jpg,0,1,0,0,1
1873.jpg,0,0,0,0,1
1874.jpg,0,0,0,0,1
1875.jpg,0,0,0,0,1
1876.jpg,0,0,0,0,1
1877.jpg,0,0,0,0,1
1878.jpg,0,0,0,0,1
1879.jpg,0,0,0,0,1
1880.jpg,0,0,0,0,1
1881.jpg,0,0,0,0,1
1882.jpg,0,1,0,0,1
1883.jpg,0,0,0,0,1
1884.jpg,0,0,0,0,1
1885.jpg,0,0,0,0,1
1886.jpg,0,0,0,0,1
1887.jpg,0,0,0,0,1
1888.jpg,0,0,0,0,1
1889.jpg,0,0,0,0,1
1890.jpg,0,0,0,0,1
1891.jpg,0,0,0,0,1
1892.jpg,0,1,0,0,1
1893.jpg,0,0,0,0,1
1894.jpg,0,1,0,0,1
1895.jpg,0,1,0,0,1
1896.jpg,0,0,0,0,1
1897.jpg,0,0,0,0,1
1898.jpg,0,0,0,0,1
1899.jpg,0,0,0,0,1
1900.jpg,0,0,0,0,1
1901.jpg,0,0,0,0,1
1902.jpg,0,0,0,0,1
1903.jpg,0,0,0,0,1
1904.jpg,0,0,0,0,1
1905.jpg,0,0,0,0,1
1906.jpg,0,0,0,0,1
1907.jpg,0,0,0,0,1
1908.jpg,0,0,0,0,1
1909.jpg,0,0,0,0,1
1910.jpg,0,0,0,0,1
1911.jpg,0,1,0,0,1
1912.jpg,0,0,0,0,1
1913.jpg,0,1,0,0,1
1914.jpg,0,1,0,0,1
1915.jpg,0,1,0,0,1
1916.jpg,0,0,0,0,1
1917.jpg,0,0,0,0,1
1918.jpg,0,0,0,0,1
1919.jpg,0,0,0,0,1
1920.jpg,0,0,0,0,1
1921.jpg,0,0,0,0,1
1922.jpg,0,0,0,0,1
1923.jpg,0,0,0,0,1
1924.jpg,0,0,0,0,1
1925.jpg,0,0,0,0,1
1926.jpg,0,0,0,0,1
1927.jpg,0,0,0,0,1
1928.jpg,0,0,0,0,1
1929.jpg,0,0,0,0,1
1930.jpg,0,0,0,0,1
1931.jpg,0,0,0,0,1
1932.jpg,0,1,0,0,1
1933.jpg,0,1,0,0,1
1934.jpg,0,1,0,0,1
1935.jpg,0,1,0,0,1
1936.jpg,0,0,0,0,1
1937.jpg,0,0,0,0,1
1938.jpg,0,0,0,0,1
1939.jpg,0,0,0,0,1
1940.jpg,0,0,0,0,1
1941.jpg,0,0,0,0,1
1942.jpg,0,0,0,0,1
1943.jpg,0,0,0,0,1
1944.jpg,0,0,0,0,1
1945.jpg,0,0,0,0,1
1946.jpg,0,0,0,0,1
1947.jpg,0,0,0,0,1
1948.jpg,0,0,0,0,1
1949.jpg,0,0,0,0,1
1950.jpg,0,0,0,0,1
1951.jpg,0,0,0,0,1
1952.jpg,0,0,0,0,1
1953.jpg,0,0,0,0,1
1954.jpg,0,0,0,0,1
1955.jpg,0,0,0,0,1
1956.jpg,0,0,0,0,1
1957.jpg,0,0,0,0,1
1958.jpg,0,0,0,0,1
1959.jpg,0,0,0,0,1
1960.jpg,0,0,0,0,1
1961.jpg,0,0,0,0,1
1962.jpg,0,0,0,0,1
1963.jpg,0,0,0,0,1
1964.jpg,0,0,0,0,1
1965.jpg,0,0,0,0,1
1966.jpg,0,0,0,0,1
1967.jpg,0,0,0,0,1
1968.jpg,0,0,0,0,1
1969.jpg,0,0,0,0,1
1970.jpg,0,0,0,0,1
1971.jpg,0,0,0,0,1
1972.jpg,0,0,0,0,1
1973.jpg,0,0,0,0,1
1974.jpg,0,0,0,0,1
1975.jpg,0,0,0,0,1
1976.jpg,0,0,0,0,1
1977.jpg,0,0,0,0,1
1978.jpg,0,0,0,0,1
1979.jpg,0,0,0,0,1
1980.jpg,0,0,0,0,1
1981.jpg,0,0,0,0,1
1982.jpg,0,0,0,0,1
1983.jpg,0,0,0,0,1
1984.jpg,0,0,0,0,1
1985.jpg,0,0,0,0,1
1986.jpg,0,0,0,0,1
1987.jpg,0,0,0,0,1
1988.jpg,0,0,0,0,1
1989.jpg,0,0,0,0,1
1990.jpg,0,0,0,0,1
1991.jpg,0,0,0,0,1
1992.jpg,0,0,1,0,1
1993.jpg,0,0,0,0,1
1994.jpg,0,0,0,0,1
1995.jpg,0,0,0,0,1
1996.jpg,0,0,0,0,1
1997.jpg,0,0,0,0,1
1998.jpg,0,0,0,0,1
1999.jpg,0,0,0,0,1
2000.jpg,0,0,0,0,1
